{
  "main": {
    "name":"Logistic Regression and KNN for Breast Cancer",
    "description":"For this project, Logistic Regression and K-Nearest Neighbour models are compared by predicting between malignant or benign breast cancer cells",
    "github":"https://github.com/hjmok/LogisticRegression_and_KNN_Models-for-Breast-Cancer-Diagnosis",
    "social":[
      {
        "name":"linkedin",
        "url":"https://www.linkedin.com/in/hojin-joseph-mok-31153a163/",
        "className":"fa fa-linkedin"
      },
      {
        "name":"instagram",
        "url":"http://instagram.com/jindodooboo",
        "className":"fa fa-instagram"
      },
      {
        "name":"github",
        "url":"https://github.com/hjmok/LogisticRegression_and_KNN_Models-for-Breast-Cancer-Diagnosis",
        "className":"fa fa-github"
      }
    ]
  },
  "method":{
    "overview":[
      {	
	"title":"Dataset and Library",
        "description1a":"Scikit Learn's LogisticRegression and KNeighborsClassifier classes were used to create the models.",
        "description1b":"The dataset consisted of 569 rows by 32 columns of patient information, including the label which was the Malignant or Benign diagnosis.",
	"description1c":"Please find the dataset from the University of California Irvine's Machine Learning Repository, as well as my implementation on Github:",
        "description1d":"https://archive.ics.uci.edu/ml/datasets/Breast+Cancer+Wisconsin+%28Diagnostic%29",
        "description1e":"https://github.com/hjmok/LogisticRegression_and_KNN_Models-for-Breast-Cancer-Diagnosis",
        "image":"BC_data.jpg"
      }
    ]
  },
  "results":{
    "projects": [
      {
        "title":"Classification Report",
        "category":"0 = Benign, 1 = Malignant",
        "image":"BC_classificationreport.jpg"
      },
      {
        "title":"Confusion Matrix",
        "category":"",
        "image":"BC_confusionmatrix.jpg"
      }
    ],
    "projects2": [
      {
        "title":"Classification Report",
        "category":"0 = Benign, 1 = Malignant",
        "image":"BC_classificationreport_knn.jpg"
      },
      {
        "title":"Confusion Matrix",
        "category":"",
        "image":"BC_confusionmatrix_knn.jpg"
      }
    ]
  }
}
