{
  "main": {
    "name":"Credit Card Payment Default Predictions",
    "description":"For this project, three classification models are compared for predicting defaults on Credit Card payments: Random Forest, Decision Trees, and Logistic Regression",
    "github":"https://github.com/hjmok/RandomForest_DecisionTrees_and_LogisticRegression-for-Credit-Card-Default",
    "social":[
      {
        "name":"linkedin",
        "url":"https://www.linkedin.com/in/hojin-joseph-mok-31153a163/",
        "className":"fa fa-linkedin"
      },
      {
        "name":"instagram",
        "url":"http://instagram.com/jindodooboo",
        "className":"fa fa-instagram"
      },
      {
        "name":"github",
        "url":"https://github.com/hjmok/RandomForest_DecisionTrees_and_LogisticRegression-for-Credit-Card-Default",
        "className":"fa fa-github"
      }
    ]
  },
  "method":{
    "overview":[
      {	
	"title":"Dataset and Library",
        "description1a":"Scikit Learn's LogisticRegression, RandomForestClassifier, and DecisionTreeClassifier classes were used create each model.",
        "description1b":"The dataset consisted of 30000 rows by 24 columns of client information and payment history, including the label which was the whether they defaulted on the next payment or not. However, the label is unbalanced with 23364 cases of payment and 6636 cases of defaulting.",
	"description1c":"Please find the dataset from the University of California Irvine's Machine Learning Repository, as well as my implementation on Github:",
        "description1d":"https://archive.ics.uci.edu/ml/datasets/default+of+credit+card+clients",
        "description1e":"https://github.com/hjmok/RandomForest_DecisionTrees_and_LogisticRegression-for-Credit-Card-Default",
        "image":"CC_data.jpg"
      }
    ]
  },
  "results":{
    "projects": [
      {
        "title":"Decision Tree Classification Report",
        "category":"0 = Paid, 1 = Defaulted",
        "image":"CC_dtcr.jpg"
      },
      {
        "title":"Decision Tree Confusion Matrix",
        "category":"",
        "image":"CC_dtcm.jpg"
      }
    ],
    "projects2": [
      {
        "title":"Random Forest Classification Report",
        "category":"0 = Paid, 1 = Defaulted",
        "image":"CC_rfcr.jpg"
      },
      {
        "title":"Random Forest Confusion Matrix",
        "category":"",
        "image":"CC_rfcm.jpg"
      }
    ],
    "projects3": [
      {
        "title":"Logistic Regression Classification Report",
        "category":"0 = Paid, 1 = Defaulted",
        "image":"CC_lrcr.jpg"
      },
      {
        "title":"Logistic Regression Confusion Matrix",
        "category":"",
        "image":"CC_lrcm.jpg"
      }
    ]
  }
}
